{
    "GC3_Tune_Block": {
        "loss": {
            "train": [
                0.699059807112594,
                0.708477666489531,
                0.6999652513151445,
                0.6993062048818592,
                0.6931867023353322,
                0.7008018899866627,
                0.6925016997386193,
                0.6825439275505814,
                0.6860959673246456,
                0.6833969936073491,
                0.6807425481439433,
                0.6862829312980839,
                0.6833326705049034,
                0.6809940234589948,
                0.6869586572084235,
                0.6848377007949591,
                0.683661896959445,
                0.6823079240879663,
                0.6864018831858391,
                0.6873622511436785,
                0.6818829687241722,
                0.6828768459088552,
                0.6811175274689638,
                0.6848756080215386,
                0.6839073350806544,
                0.6856006755595218,
                0.6841605738435927,
                0.6849190461343541,
                0.6821663602688796,
                0.6827741441854124,
                0.6827723908265078,
                0.6809544439836175,
                0.6843182538824782,
                0.6834889846814501,
                0.6795056369363067,
                0.6830159189440891,
                0.6847340213694922,
                0.6831886234687007,
                0.6841871573824129,
                0.6838253534716328,
                0.6839302617616803,
                0.6842462745700488,
                0.6795212911869211,
                0.683090036324244,
                0.6807395118913034,
                0.682016985055333,
                0.6820055695047357,
                0.6786604872790636,
                0.6799829504006689,
                0.6855559017185644
            ],
            "val": [
                0.7054739987308328,
                0.6989495686509393,
                0.7001141174273058,
                0.7053351307457144,
                0.7048201276497408,
                0.7035347142002799,
                0.6988184424963865,
                0.7000833492387425,
                0.6998687278140675,
                0.698755222288045,
                0.6978725316849622,
                0.7010091990232468,
                0.7009687383066524,
                0.7017243910919536,
                0.7017468457872217,
                0.6986358274113048,
                0.7007786739956249,
                0.7005108418789777,
                0.7003458589315414,
                0.699130960486152,
                0.7004740536212921,
                0.6974579827352003,
                0.7012255259535529,
                0.7022625438191674,
                0.6986044550483878,
                0.7009773416952654,
                0.6999901275743138,
                0.7001729119907726,
                0.7004881474104795,
                0.7009550102732398,
                0.7004251832311804,
                0.7024955966255881,
                0.7003792294047095,
                0.6999947035854513,
                0.6992872831496325,
                0.7003517001867294,
                0.6993347988887266,
                0.6998896558176387,
                0.699949944561178,
                0.6996433491056616,
                0.7009356238625266,
                0.6998403654857115,
                0.6986696435646578,
                0.6999801356684078,
                0.7009703598239205,
                0.7003566974943335,
                0.7006070153279738,
                0.7008260393684561,
                0.7010493562980131,
                0.7011695084246722
            ]
        },
        "acc": {
            "train": [
                0.5027839643652561,
                0.5072383073496659,
                0.5072383073496659,
                0.532293986636971,
                0.5267260579064588,
                0.5256124721603563,
                0.532293986636971,
                0.5584632516703786,
                0.5412026726057906,
                0.5584632516703786,
                0.561804008908686,
                0.5573496659242761,
                0.5512249443207127,
                0.5801781737193764,
                0.5373051224944321,
                0.5545657015590201,
                0.5645879732739421,
                0.5528953229398663,
                0.5540089086859687,
                0.5345211581291759,
                0.5584632516703786,
                0.5501113585746102,
                0.5612472160356348,
                0.5545657015590201,
                0.5501113585746102,
                0.5434298440979956,
                0.5562360801781737,
                0.5528953229398663,
                0.5590200445434298,
                0.5534521158129175,
                0.559576837416481,
                0.571826280623608,
                0.5523385300668151,
                0.5473273942093541,
                0.5668151447661469,
                0.5645879732739421,
                0.5428730512249443,
                0.5517817371937639,
                0.5512249443207127,
                0.5645879732739421,
                0.559576837416481,
                0.5556792873051225,
                0.5846325167037861,
                0.5673719376391982,
                0.5679287305122495,
                0.5545657015590201,
                0.5657015590200445,
                0.5673719376391982,
                0.5701559020044543,
                0.5545657015590201
            ],
            "val": [
                0.4857954545454546,
                0.5284090909090909,
                0.48863636363636365,
                0.48863636363636365,
                0.4772727272727273,
                0.5170454545454546,
                0.49715909090909094,
                0.49715909090909094,
                0.4772727272727273,
                0.49715909090909094,
                0.5,
                0.4857954545454546,
                0.4744318181818182,
                0.48863636363636365,
                0.49147727272727276,
                0.5,
                0.5028409090909091,
                0.4943181818181818,
                0.49147727272727276,
                0.5,
                0.4943181818181818,
                0.5028409090909091,
                0.4715909090909091,
                0.48011363636363635,
                0.5028409090909091,
                0.4857954545454546,
                0.4943181818181818,
                0.48863636363636365,
                0.48863636363636365,
                0.48863636363636365,
                0.4744318181818182,
                0.4715909090909091,
                0.4744318181818182,
                0.48011363636363635,
                0.4943181818181818,
                0.48863636363636365,
                0.4943181818181818,
                0.4857954545454546,
                0.48011363636363635,
                0.5028409090909091,
                0.48011363636363635,
                0.48863636363636365,
                0.48295454545454547,
                0.4857954545454546,
                0.4943181818181818,
                0.48011363636363635,
                0.4857954545454546,
                0.4857954545454546,
                0.48295454545454547,
                0.48011363636363635
            ]
        }
    }
}