{
    "RGB_Tune_FC": {
        "loss": {
            "train": [
                0.6984156854699608,
                0.6954545010968147,
                0.6926300296008189,
                0.6912699678958392,
                0.6927945990870419,
                0.6852671847842584,
                0.6868792294393935,
                0.6832000037078603,
                0.6813476236997574,
                0.6826391530727225,
                0.6852093133204233,
                0.6870203989916761,
                0.6801507292452262,
                0.6852518752847854,
                0.6849571566008247,
                0.6816513052496453,
                0.6863908453083251,
                0.684678206199527,
                0.6806207575351996,
                0.6818710420869772,
                0.6873543582408624,
                0.683879696446697,
                0.679985209403431,
                0.6815795208138719,
                0.6824011283621756,
                0.6851638154622441,
                0.679010094672375,
                0.6799404684844155,
                0.6857741606527553,
                0.6774214153034915,
                0.6819515537578439,
                0.6855664220047422,
                0.6780949406209661,
                0.6797902606643388,
                0.6837368343349024,
                0.6852520116187948,
                0.684177506076201,
                0.6830521669313477,
                0.6875305766517708,
                0.679506456931609,
                0.6784521033344396,
                0.6817499442992603,
                0.6809242454031793,
                0.6832246031686829,
                0.6779592244290562,
                0.6851042364381735,
                0.6873321543823107,
                0.6845316689104705,
                0.6798831509853525,
                0.6811057070315814
            ],
            "val": [
                0.6932712116024711,
                1.2535862746563824,
                0.6940427761186253,
                11.352815015749497,
                1.6940591592680325,
                0.6908728263594888,
                0.6942300105636771,
                3.8719083829359575,
                0.6944149353287437,
                0.6899213655428453,
                0.696889116005464,
                0.7160163426941092,
                0.695693548430096,
                0.861499014225873,
                0.6968607062643225,
                0.6951965919949792,
                0.7690021436322819,
                0.6948316151445563,
                2.619123885577375,
                2.202288814566352,
                0.693944276733832,
                0.6946404332464392,
                0.6940274956551465,
                1.7475190474228426,
                1.0875335444103589,
                4.113224923610687,
                0.695345394990661,
                0.7726903449405323,
                0.6967971121723001,
                1.013010556047613,
                0.694124239412221,
                0.6951820918104865,
                1.3960068876093084,
                4.868683057752523,
                141.26464069566944,
                0.6982045823877508,
                0.6956332610412077,
                0.6927237036553296,
                0.6953245333649896,
                2.3676582913507116,
                0.696245788173242,
                0.6970444362271916,
                0.7004822289401834,
                0.8214062574234876,
                0.6896130876107649,
                0.6902952289039438,
                0.9666933972727169,
                0.6946345865726471,
                0.9175720661878586,
                4.855219945311546
            ]
        },
        "acc": {
            "train": [
                0.4938752783964365,
                0.5222717149220489,
                0.5306236080178174,
                0.5373051224944321,
                0.5361915367483296,
                0.5634743875278396,
                0.5434298440979956,
                0.5612472160356348,
                0.5606904231625834,
                0.5462138084632516,
                0.5512249443207127,
                0.5512249443207127,
                0.5712694877505567,
                0.5606904231625834,
                0.5579064587973274,
                0.5601336302895322,
                0.5551224944320713,
                0.5567928730512249,
                0.5567928730512249,
                0.5679287305122495,
                0.5484409799554566,
                0.5428730512249443,
                0.5634743875278396,
                0.5729398663697104,
                0.5556792873051225,
                0.5517817371937639,
                0.559576837416481,
                0.5567928730512249,
                0.5451002227171492,
                0.5662583518930957,
                0.5545657015590201,
                0.5328507795100222,
                0.5579064587973274,
                0.5657015590200445,
                0.5517817371937639,
                0.5517817371937639,
                0.5517817371937639,
                0.5489977728285078,
                0.5367483296213809,
                0.5668151447661469,
                0.5695991091314031,
                0.559576837416481,
                0.5690423162583519,
                0.5573496659242761,
                0.5690423162583519,
                0.5484409799554566,
                0.5439866369710468,
                0.549554565701559,
                0.5528953229398663,
                0.5601336302895322
            ],
            "val": [
                0.5227272727272727,
                0.5142045454545454,
                0.4857954545454546,
                0.4943181818181818,
                0.5397727272727273,
                0.5113636363636364,
                0.5426136363636364,
                0.5113636363636364,
                0.5397727272727273,
                0.5113636363636364,
                0.5284090909090909,
                0.5142045454545454,
                0.5284090909090909,
                0.5056818181818182,
                0.5113636363636364,
                0.5170454545454546,
                0.5085227272727273,
                0.5255681818181819,
                0.5340909090909091,
                0.5340909090909091,
                0.5142045454545454,
                0.5255681818181819,
                0.53125,
                0.5482954545454546,
                0.5142045454545454,
                0.5142045454545454,
                0.5255681818181819,
                0.5227272727272727,
                0.5284090909090909,
                0.5284090909090909,
                0.5340909090909091,
                0.5397727272727273,
                0.49715909090909094,
                0.5198863636363636,
                0.5056818181818182,
                0.5170454545454546,
                0.5227272727272727,
                0.5198863636363636,
                0.53125,
                0.5340909090909091,
                0.5142045454545454,
                0.5085227272727273,
                0.5028409090909091,
                0.5113636363636364,
                0.5198863636363636,
                0.5340909090909091,
                0.5284090909090909,
                0.5142045454545454,
                0.53125,
                0.5142045454545454
            ]
        }
    }
}