{
    "GC3_Tune_Full": {
        "loss": {
            "train": [
                0.6979711666404537,
                0.6919690431624584,
                0.6968301322253085,
                0.6916482662305004,
                0.6916008667319283,
                0.6885242487380658,
                0.684731166054783,
                0.6689421148236451,
                0.6546585047430875,
                0.6500430624840785,
                0.6315356235461671,
                0.6216111903997731,
                0.5968948120794743,
                0.5876100614235502,
                0.5720825220534955,
                0.5717643689206554,
                0.5616247300846805,
                0.5679575211486732,
                0.5617172280637618,
                0.5490070135396945,
                0.5518299391646693,
                0.5596191741044909,
                0.551932809214815,
                0.5523301384231295,
                0.556090453818009,
                0.544643347937705,
                0.5458754640910567,
                0.5536693610698981,
                0.5576110271143754,
                0.5474851969753979,
                0.5431300994415326,
                0.5463800455520307,
                0.5537127121652421,
                0.5477622059777478,
                0.5437421789413571,
                0.5435275007993448,
                0.5456860389369633,
                0.5407240404052565,
                0.5471232658239674,
                0.5533071692643028,
                0.5482795965963588,
                0.5510758652718932,
                0.5574889765815905,
                0.5479213296703347,
                0.536629179803725,
                0.5514280353994305,
                0.5471786988073574,
                0.5483291819525721,
                0.5428712752985795,
                0.5561276100791642
            ],
            "val": [
                0.6976276175542311,
                0.6992254799062555,
                0.6909713880582289,
                0.7017760222608392,
                0.6968612250956622,
                0.7119387117299166,
                0.6982648616487329,
                0.697570109909231,
                0.69606797803532,
                0.6972981718453494,
                0.7041079767725684,
                0.7101990228349512,
                0.715777726335959,
                0.7173918905583295,
                0.7211440090428699,
                0.7201484821059487,
                0.7219986299222166,
                0.7224273695187136,
                0.7199515917084434,
                0.7264635115861893,
                0.7294959412379698,
                0.7273485762151805,
                0.7249352999708869,
                0.7249777926640077,
                0.7250650416720997,
                0.7315791574391451,
                0.7228902530941096,
                0.7194064442407001,
                0.7263679843057286,
                0.7325194870883768,
                0.7330703654072501,
                0.7308449420061979,
                0.7258937507867813,
                0.7323769148100506,
                0.7173408473079855,
                0.7206679623235356,
                0.7207228243350983,
                0.7328616624528711,
                0.721781728619879,
                0.716112800619819,
                0.7263775413686578,
                0.7272659066048536,
                0.725284752520648,
                0.7220762236551805,
                0.7203124023296616,
                0.7274622199210253,
                0.7215883013877001,
                0.7267835343425925,
                0.7229554151946848,
                0.7293364974585447
            ]
        },
        "acc": {
            "train": [
                0.49331848552338525,
                0.5289532293986636,
                0.5139198218262806,
                0.5350779510022271,
                0.5395322939866369,
                0.5250556792873051,
                0.5484409799554566,
                0.6052338530066815,
                0.6258351893095768,
                0.6358574610244988,
                0.6787305122494431,
                0.6792873051224944,
                0.7099109131403117,
                0.705456570155902,
                0.7305122494432071,
                0.7344097995545656,
                0.7416481069042316,
                0.7399777282850779,
                0.7349665924276169,
                0.7538975501113585,
                0.7483296213808462,
                0.7388641425389755,
                0.7444320712694877,
                0.747772828507795,
                0.7394209354120267,
                0.7561247216035635,
                0.7639198218262806,
                0.7466592427616926,
                0.7366369710467706,
                0.7438752783964365,
                0.7644766146993318,
                0.75,
                0.7461024498886414,
                0.7544543429844097,
                0.7566815144766147,
                0.7616926503340757,
                0.7466592427616926,
                0.7605790645879732,
                0.7589086859688196,
                0.744988864142539,
                0.7577951002227171,
                0.7438752783964365,
                0.7394209354120267,
                0.7522271714922049,
                0.7717149220489977,
                0.7628062360801782,
                0.7694877505567929,
                0.7544543429844097,
                0.7577951002227171,
                0.7355233853006681
            ],
            "val": [
                0.49147727272727276,
                0.45738636363636365,
                0.5255681818181819,
                0.46022727272727276,
                0.49715909090909094,
                0.49147727272727276,
                0.5085227272727273,
                0.5028409090909091,
                0.5142045454545454,
                0.5085227272727273,
                0.48295454545454547,
                0.4744318181818182,
                0.5,
                0.48863636363636365,
                0.5056818181818182,
                0.48295454545454547,
                0.4857954545454546,
                0.4744318181818182,
                0.48295454545454547,
                0.48863636363636365,
                0.5,
                0.48863636363636365,
                0.4857954545454546,
                0.48011363636363635,
                0.48863636363636365,
                0.48295454545454547,
                0.5,
                0.5028409090909091,
                0.4943181818181818,
                0.48011363636363635,
                0.48863636363636365,
                0.49715909090909094,
                0.49147727272727276,
                0.4857954545454546,
                0.4857954545454546,
                0.4943181818181818,
                0.49147727272727276,
                0.49147727272727276,
                0.48295454545454547,
                0.4943181818181818,
                0.48863636363636365,
                0.4857954545454546,
                0.4772727272727273,
                0.4857954545454546,
                0.49147727272727276,
                0.48011363636363635,
                0.4772727272727273,
                0.4943181818181818,
                0.5056818181818182,
                0.4857954545454546
            ]
        }
    }
}