{
    "GC3_Tune_FC": {
        "loss": {
            "train": [
                0.6983730556704685,
                0.6974850712480949,
                0.693499575744493,
                0.6959696923173084,
                0.6934005971209775,
                0.6947396532995398,
                0.6874075849231474,
                0.6822561350856433,
                0.6815633310507029,
                0.6870625976199297,
                0.6796945249848483,
                0.6818737947861176,
                0.6817033410337826,
                0.682424766714695,
                0.6816842234745323,
                0.6780290328845681,
                0.6853239988962101,
                0.6826188697050303,
                0.6823277128300317,
                0.6783536014153325,
                0.6808538278917428,
                0.6825735274295764,
                0.6847674895766583,
                0.6809445380633552,
                0.6821966423489203,
                0.6798934757311254,
                0.6813922512504731,
                0.6809879737866747,
                0.6816961927244021,
                0.6790092614020962,
                0.679995393036203,
                0.6789952317431137,
                0.6854567806545504,
                0.6784319752839733,
                0.6818541129076136,
                0.6803978617844444,
                0.6810245616133335,
                0.6827538877659226,
                0.6826017220195524,
                0.6784993772517334,
                0.6771233708396521,
                0.6829315308473158,
                0.6824810834132748,
                0.6858271279419982,
                0.6840890849087976,
                0.6829902694326201,
                0.6802204348196697,
                0.6801671033978197,
                0.6774886377935686,
                0.6812301215721929
            ],
            "val": [
                0.6948641294782812,
                0.6938975805586035,
                0.6992646902799606,
                0.6941225298426368,
                0.6979419507763602,
                0.7003304023634304,
                0.7025622332637961,
                0.7035940953276374,
                0.7039590843699195,
                0.706077367067337,
                0.704530194401741,
                0.7023866853930734,
                0.7036582665009932,
                0.7054429609667171,
                0.7040196833285418,
                0.7051200893792239,
                0.7054649266329679,
                0.7000499706376683,
                0.7038156661120328,
                0.7025125717574899,
                0.7045000032945112,
                0.7011121023784984,
                0.7037163850936022,
                0.7055171768773686,
                0.7045207091353156,
                0.7034234499389475,
                0.7053120569749312,
                0.7033714963631197,
                0.7056213536045768,
                0.7040771733630787,
                0.7020148865201257,
                0.7017254179174249,
                0.7039302126927809,
                0.7042493278330023,
                0.7041050669821826,
                0.7051032050089403,
                0.7051102749326013,
                0.7034930234605615,
                0.7014374868436293,
                0.7066113352775574,
                0.7025613744150508,
                0.7055795111439445,
                0.7046534757722508,
                0.7026473229581659,
                0.7040314660830931,
                0.7038897452029315,
                0.7027793038975109,
                0.7029012373902581,
                0.7030205442146822,
                0.702281960032203
            ]
        },
        "acc": {
            "train": [
                0.4938752783964365,
                0.49944320712694873,
                0.5161469933184855,
                0.5094654788418708,
                0.5194877505567929,
                0.5189309576837416,
                0.5412026726057906,
                0.5723830734966592,
                0.5662583518930957,
                0.5395322939866369,
                0.5695991091314031,
                0.5534521158129175,
                0.5662583518930957,
                0.5657015590200445,
                0.5551224944320713,
                0.5679287305122495,
                0.5540089086859687,
                0.5695991091314031,
                0.5590200445434298,
                0.5840757238307349,
                0.5740534521158129,
                0.5545657015590201,
                0.5423162583518931,
                0.5690423162583519,
                0.5657015590200445,
                0.5690423162583519,
                0.5707126948775055,
                0.5506681514476615,
                0.5690423162583519,
                0.5762806236080178,
                0.5651447661469933,
                0.5740534521158129,
                0.5606904231625834,
                0.5729398663697104,
                0.5551224944320713,
                0.5668151447661469,
                0.5746102449888641,
                0.5562360801781737,
                0.5651447661469933,
                0.5734966592427617,
                0.5829621380846325,
                0.5757238307349666,
                0.5439866369710468,
                0.5506681514476615,
                0.5590200445434298,
                0.561804008908686,
                0.5751670378619154,
                0.5751670378619154,
                0.5723830734966592,
                0.5584632516703786
            ],
            "val": [
                0.5,
                0.4943181818181818,
                0.5,
                0.49715909090909094,
                0.5113636363636364,
                0.48011363636363635,
                0.4715909090909091,
                0.48863636363636365,
                0.48863636363636365,
                0.4772727272727273,
                0.48863636363636365,
                0.4744318181818182,
                0.4545454545454546,
                0.45738636363636365,
                0.44886363636363635,
                0.46875,
                0.4857954545454546,
                0.4715909090909091,
                0.4857954545454546,
                0.46590909090909094,
                0.48011363636363635,
                0.48295454545454547,
                0.4715909090909091,
                0.4630681818181818,
                0.46022727272727276,
                0.4715909090909091,
                0.45738636363636365,
                0.4715909090909091,
                0.46590909090909094,
                0.48295454545454547,
                0.5056818181818182,
                0.4715909090909091,
                0.4857954545454546,
                0.45738636363636365,
                0.4943181818181818,
                0.45738636363636365,
                0.4545454545454546,
                0.48863636363636365,
                0.48011363636363635,
                0.46022727272727276,
                0.49147727272727276,
                0.48011363636363635,
                0.46590909090909094,
                0.5056818181818182,
                0.4772727272727273,
                0.4744318181818182,
                0.4772727272727273,
                0.48863636363636365,
                0.48863636363636365,
                0.4744318181818182
            ]
        }
    }
}