{
    "RGB_Tune_Full": {
        "loss": {
            "train": [
                0.703760053373392,
                0.691480134006067,
                0.6896441978441846,
                0.6746916834654946,
                0.6443595055216936,
                0.6158152671327569,
                0.529593966386897,
                0.40116222949495295,
                0.32816527531646145,
                0.2502057677122426,
                0.2283336628054192,
                0.1910893465319694,
                0.16424059380833184,
                0.13731343438952565,
                0.139406519666115,
                0.14348691204077416,
                0.1448668802741973,
                0.15398253106982976,
                0.1539856623235949,
                0.12762192946201179,
                0.14180270804793374,
                0.14255973027566893,
                0.16451507930816017,
                0.13353976237282722,
                0.13360520055671046,
                0.12876075889732697,
                0.12279145980050543,
                0.14078337875690586,
                0.13937482106932886,
                0.13992454406322044,
                0.12190854734427944,
                0.13774432054822455,
                0.13358204350920855,
                0.13091509744840235,
                0.14444025734310892,
                0.13314688346558198,
                0.13847591150717972,
                0.13603406834451354,
                0.13212968700696073,
                0.12307344201977109,
                0.13906030801180874,
                0.13751552966661867,
                0.12977602047418432,
                0.13260663250349214,
                0.1169814181395854,
                0.1355180789224953,
                0.13644668956459366,
                0.13638224466216392,
                0.14468136840273849,
                0.1402051530525354
            ],
            "val": [
                0.6970626318996603,
                0.6996902552517977,
                0.7018570574847135,
                1.469923582944003,
                0.7276816713539037,
                0.7481538213112138,
                0.919184766032479,
                0.9397997517477382,
                0.9975938079032031,
                1.082153982059522,
                1.1485631323673509,
                1.1957254115153442,
                1.275674431161447,
                1.3448802124370227,
                1.3064341335134073,
                1.3466488122940063,
                1.3214760273694992,
                1.3457136357372457,
                1.3409036364067684,
                1.3400663411752745,
                1.3572588522325864,
                1.3593384013934569,
                1.353121122175997,
                1.3409815952181816,
                1.354599843648347,
                1.3508631939237767,
                1.3357719094915823,
                1.3655904375694015,
                1.3506056497042829,
                1.3448939336971804,
                1.3554009652950547,
                1.391156562350013,
                1.340491613203829,
                1.3409637429497459,
                1.3463764840906316,
                1.3494972803375938,
                1.350720189511776,
                1.3552168621258303,
                1.3797773271799088,
                1.3602089089426128,
                1.3663196672092786,
                1.3672349297187545,
                1.3463348228145728,
                1.342011521485719,
                1.3367726125500419,
                1.3418972431258722,
                1.3718514970757745,
                1.336502585898746,
                1.366145482794805,
                1.3850280710242011
            ]
        },
        "acc": {
            "train": [
                0.4983296213808463,
                0.5211581291759465,
                0.5300668151447662,
                0.5840757238307349,
                0.626391982182628,
                0.6664810690423162,
                0.7360801781737193,
                0.821826280623608,
                0.8680400890868597,
                0.9070155902004454,
                0.915924276169265,
                0.9259465478841871,
                0.9365256124721603,
                0.9515590200445434,
                0.9537861915367483,
                0.9448775055679287,
                0.9454342984409799,
                0.9409799554565701,
                0.9409799554565701,
                0.9515590200445434,
                0.948218262806236,
                0.9471046770601336,
                0.9370824053452116,
                0.9548997772828507,
                0.953229398663697,
                0.9571269487750557,
                0.9587973273942093,
                0.9448775055679287,
                0.9465478841870824,
                0.9465478841870824,
                0.9543429844097995,
                0.948218262806236,
                0.9521158129175946,
                0.9526726057906458,
                0.9448775055679287,
                0.953229398663697,
                0.9498886414253898,
                0.9537861915367483,
                0.9543429844097995,
                0.9560133630289532,
                0.9465478841870824,
                0.9487750556792872,
                0.9543429844097995,
                0.953229398663697,
                0.9626948775055679,
                0.9498886414253898,
                0.9487750556792872,
                0.9454342984409799,
                0.9426503340757237,
                0.9515590200445434
            ],
            "val": [
                0.5227272727272727,
                0.4772727272727273,
                0.48863636363636365,
                0.5113636363636364,
                0.5113636363636364,
                0.48863636363636365,
                0.45170454545454547,
                0.46022727272727276,
                0.5085227272727273,
                0.5056818181818182,
                0.49715909090909094,
                0.5028409090909091,
                0.5028409090909091,
                0.5028409090909091,
                0.5028409090909091,
                0.49147727272727276,
                0.5056818181818182,
                0.49715909090909094,
                0.49147727272727276,
                0.4943181818181818,
                0.4943181818181818,
                0.4943181818181818,
                0.5,
                0.5056818181818182,
                0.4943181818181818,
                0.5056818181818182,
                0.4943181818181818,
                0.49715909090909094,
                0.48863636363636365,
                0.5,
                0.48863636363636365,
                0.49147727272727276,
                0.5,
                0.5,
                0.5085227272727273,
                0.48295454545454547,
                0.49715909090909094,
                0.4857954545454546,
                0.49147727272727276,
                0.5,
                0.5028409090909091,
                0.4943181818181818,
                0.49147727272727276,
                0.5,
                0.4943181818181818,
                0.5,
                0.48011363636363635,
                0.4943181818181818,
                0.49715909090909094,
                0.49147727272727276
            ]
        }
    }
}