{
    "RGB_Tune_Block": {
        "loss": {
            "train": [
                0.7014491372225279,
                0.7046059439070772,
                0.6924138966541248,
                0.6963651946233482,
                0.696282934638068,
                0.6968426407047263,
                0.6987364580211767,
                0.6863459911537595,
                0.6863619600213184,
                0.6871804255154191,
                0.6854191054745613,
                0.6868558060087446,
                0.6822952897617706,
                0.6846844447747636,
                0.6865666879046468,
                0.6839153226340534,
                0.6820259110168253,
                0.6851136618042841,
                0.6882677517648794,
                0.6810799029993851,
                0.6870391528165686,
                0.6845107883015826,
                0.685684425262672,
                0.6850001525241708,
                0.6816149878342592,
                0.6820259321240381,
                0.6837113950990622,
                0.685330186893786,
                0.6843961259570047,
                0.6853180250240063,
                0.6810391432458415,
                0.682567664934426,
                0.6817113184981994,
                0.6818311060457294,
                0.6842497904475919,
                0.6866232231093409,
                0.6858324964752707,
                0.680943632975453,
                0.6822176393793526,
                0.6813269192498086,
                0.6885793108186106,
                0.6855439665853844,
                0.6842144859129177,
                0.6865072246383718,
                0.6840008742825225,
                0.6814538829841699,
                0.6886820843596766,
                0.6844309910899546,
                0.6853706815460477,
                0.6881779615491429
            ],
            "val": [
                0.7192910178141161,
                0.701470360159874,
                1.1328482871705836,
                1.2355779124931856,
                3.711246770891276,
                5.305913277647712,
                0.693964114243334,
                0.6932692514224486,
                0.8309770714152943,
                0.7011443362994627,
                1.1323789818720384,
                0.8449583595449274,
                0.6868452876806259,
                0.6919352818619121,
                0.6928978548808531,
                0.879841381853277,
                1.0143283253366298,
                0.6908098567615856,
                0.6921161846681074,
                0.6918779421936382,
                1.0598414486104792,
                0.8625404739921744,
                0.6994131586768411,
                0.6909838196906176,
                0.6969433304938403,
                0.8408816050399434,
                0.6929151971231807,
                0.6939628733830019,
                0.7175920361822302,
                1.0408021252263675,
                0.6930548548698425,
                0.6939551180059259,
                0.6867605664513328,
                0.7303058315407146,
                0.7260607074607502,
                0.69142592495138,
                0.6915453401478854,
                0.6924499639055945,
                0.6939495205879211,
                0.6977663013068113,
                0.6921662823720411,
                0.6942564614794471,
                0.6938686425035651,
                0.8116332983428781,
                0.6916597390716727,
                0.6978713070804422,
                0.6918979490345175,
                0.693608126857064,
                0.6951092752543363,
                0.6935669386928732
            ]
        },
        "acc": {
            "train": [
                0.4977728285077951,
                0.5111358574610245,
                0.5233853006681515,
                0.5228285077951002,
                0.5434298440979956,
                0.5345211581291759,
                0.510022271714922,
                0.5662583518930957,
                0.5339643652561247,
                0.5395322939866369,
                0.5601336302895322,
                0.5506681514476615,
                0.5540089086859687,
                0.5573496659242761,
                0.5417594654788418,
                0.5668151447661469,
                0.5567928730512249,
                0.5517817371937639,
                0.5350779510022271,
                0.5684855233853007,
                0.5434298440979956,
                0.5562360801781737,
                0.5456570155902004,
                0.5623608017817372,
                0.5640311804008908,
                0.5734966592427617,
                0.5484409799554566,
                0.549554565701559,
                0.5673719376391982,
                0.559576837416481,
                0.5785077951002227,
                0.5534521158129175,
                0.5840757238307349,
                0.5629175946547884,
                0.5428730512249443,
                0.5350779510022271,
                0.5395322939866369,
                0.5701559020044543,
                0.5629175946547884,
                0.5723830734966592,
                0.5356347438752783,
                0.561804008908686,
                0.5506681514476615,
                0.5389755011135857,
                0.5573496659242761,
                0.5679287305122495,
                0.5317371937639198,
                0.5528953229398663,
                0.5423162583518931,
                0.5395322939866369
            ],
            "val": [
                0.4943181818181818,
                0.53125,
                0.5142045454545454,
                0.49147727272727276,
                0.48863636363636365,
                0.49147727272727276,
                0.4857954545454546,
                0.5198863636363636,
                0.5340909090909091,
                0.5539772727272727,
                0.53125,
                0.5426136363636364,
                0.5454545454545454,
                0.5426136363636364,
                0.5227272727272727,
                0.5426136363636364,
                0.5454545454545454,
                0.5511363636363636,
                0.5511363636363636,
                0.5596590909090909,
                0.5568181818181819,
                0.5511363636363636,
                0.5056818181818182,
                0.5625,
                0.5113636363636364,
                0.5369318181818182,
                0.5369318181818182,
                0.5568181818181819,
                0.5596590909090909,
                0.5369318181818182,
                0.5369318181818182,
                0.5369318181818182,
                0.5568181818181819,
                0.5596590909090909,
                0.5568181818181819,
                0.5482954545454546,
                0.5340909090909091,
                0.5511363636363636,
                0.5482954545454546,
                0.4943181818181818,
                0.5198863636363636,
                0.5369318181818182,
                0.5426136363636364,
                0.5397727272727273,
                0.5511363636363636,
                0.5113636363636364,
                0.5681818181818182,
                0.5539772727272727,
                0.5369318181818182,
                0.5482954545454546
            ]
        }
    }
}