{
    "GC3_Tune_FC": {
        "loss": {
            "train": [
                0.7884717182752019,
                0.7621423509179351,
                0.7852421604710857,
                0.720183872433176,
                0.7238160950569373,
                0.761943116352659,
                0.7106171384420586,
                0.6324231752043047,
                0.6433301386164132,
                0.6375813024877706,
                0.6301173660696747,
                0.6423452201824146,
                0.6316197466744081,
                0.6367225790342403,
                0.6195143729381943,
                0.6141737270726924,
                0.6249959888330813,
                0.6205025055095188,
                0.6216089732131873,
                0.6205254937864358,
                0.6232601677654581,
                0.6323383915132298,
                0.6295751005344773,
                0.6211906099372558,
                0.6200412635282844,
                0.6240823460050043,
                0.6266314534673713,
                0.6290538110552493,
                0.6305726562151664,
                0.6159245436865928,
                0.6237694566658717,
                0.6238422324105202,
                0.6260986386534897,
                0.6171210078991336,
                0.6201588887148817,
                0.6191773964195846,
                0.6243107839257255,
                0.6175347379427445,
                0.6236226493637917,
                0.6192304093747468,
                0.6269086455980228,
                0.6290851130517394,
                0.6275366738538168,
                0.6250456232403329,
                0.6260376966875751,
                0.6288909997069225,
                0.6159932346545773,
                0.6252827831525314,
                0.6258755439108358,
                0.6162474560312811
            ],
            "val": [
                0.7248432880098169,
                0.7427411296150901,
                0.7586894204670732,
                0.9604394090446559,
                0.8059749630364504,
                0.9329891035502608,
                0.8102857551791451,
                0.7921539348634806,
                0.7937914410775359,
                0.7912034378810362,
                0.7967236665162173,
                0.7877733477137305,
                0.7967338534918699,
                0.7897755767811429,
                0.7941151816736568,
                0.7917624617164786,
                0.795325102453882,
                0.7985884953628887,
                0.7920299104668878,
                0.7919530550187285,
                0.7916739190166647,
                0.790774367749691,
                0.7886336310343309,
                0.7847475666891445,
                0.7912077537991784,
                0.7950874350287698,
                0.7873475151983175,
                0.7976567887447097,
                0.7879076058214362,
                0.7902101041241125,
                0.7872987281192433,
                0.7916750928217714,
                0.7943890961733732,
                0.7916193360632117,
                0.7885713313113559,
                0.7918501774018462,
                0.7915253977883946,
                0.7888676618987863,
                0.7917563847520135,
                0.7906185794960369,
                0.794343266974796,
                0.7922115786509081,
                0.7844859862869437,
                0.7947399020195007,
                0.7836025573990562,
                0.7869858335364949,
                0.7934787733988329,
                0.7868873856284402,
                0.7885499718514356,
                0.7918595725839789
            ]
        },
        "acc": {
            "train": [
                0.5144766146993318,
                0.5451002227171492,
                0.5601336302895322,
                0.5729398663697104,
                0.5779510022271714,
                0.5751670378619154,
                0.5846325167037861,
                0.6453229398663697,
                0.6275055679287305,
                0.6297327394209354,
                0.6369710467706013,
                0.6364142538975501,
                0.6481069042316258,
                0.6414253897550111,
                0.653674832962138,
                0.670935412026726,
                0.6508908685968819,
                0.6492204899777283,
                0.653674832962138,
                0.6520044543429844,
                0.665924276169265,
                0.6464365256124721,
                0.6503340757238307,
                0.6514476614699332,
                0.6720489977728284,
                0.6375278396436526,
                0.6492204899777283,
                0.6425389755011136,
                0.6419821826280623,
                0.6614699331848553,
                0.6564587973273942,
                0.6625835189309577,
                0.6447661469933185,
                0.6603563474387527,
                0.6503340757238307,
                0.6642538975501113,
                0.6391982182628062,
                0.6586859688195991,
                0.6442093541202673,
                0.6542316258351892,
                0.6419821826280623,
                0.638641425389755,
                0.6525612472160356,
                0.6336302895322939,
                0.6464365256124721,
                0.6425389755011136,
                0.6597995545657015,
                0.6453229398663697,
                0.6564587973273942,
                0.6464365256124721
            ],
            "val": [
                0.4715909090909091,
                0.5,
                0.5028409090909091,
                0.5028409090909091,
                0.4857954545454546,
                0.5085227272727273,
                0.4715909090909091,
                0.48011363636363635,
                0.48295454545454547,
                0.5170454545454546,
                0.49715909090909094,
                0.5,
                0.5056818181818182,
                0.5284090909090909,
                0.4943181818181818,
                0.5056818181818182,
                0.5,
                0.4772727272727273,
                0.49715909090909094,
                0.48863636363636365,
                0.49715909090909094,
                0.49715909090909094,
                0.5028409090909091,
                0.5028409090909091,
                0.4857954545454546,
                0.5056818181818182,
                0.5255681818181819,
                0.5056818181818182,
                0.5028409090909091,
                0.4943181818181818,
                0.4857954545454546,
                0.5056818181818182,
                0.49147727272727276,
                0.5028409090909091,
                0.49147727272727276,
                0.5,
                0.5056818181818182,
                0.49147727272727276,
                0.5028409090909091,
                0.48863636363636365,
                0.5170454545454546,
                0.4943181818181818,
                0.5085227272727273,
                0.48863636363636365,
                0.5056818181818182,
                0.5,
                0.48863636363636365,
                0.5113636363636364,
                0.5113636363636364,
                0.5056818181818182
            ]
        }
    }
}