{
    "GC3_Tune_Full": {
        "loss": {
            "train": [
                0.805602204826202,
                0.7305481599805616,
                0.5973291623433077,
                0.4165602605831384,
                0.40145943405102513,
                0.4176980976206157,
                0.3445403576353544,
                0.21776444806752598,
                0.11768552597574806,
                0.11154505697116339,
                0.08617824910909667,
                0.06376821048016389,
                0.06090226357663776,
                0.05522133911911083,
                0.04647831355801313,
                0.05041593233152461,
                0.04123243222812726,
                0.06004526803126343,
                0.062282479582053664,
                0.04929145163532869,
                0.046898854281421425,
                0.05786512862167058,
                0.04704166202259381,
                0.0459436341738515,
                0.05973811428874673,
                0.05108811376679363,
                0.048310699058283856,
                0.041290441954213886,
                0.047930026260455595,
                0.06225752951211726,
                0.059560248356536526,
                0.04264125867862408,
                0.06997474255963314,
                0.062357452065027415,
                0.052043826827200705,
                0.04480084493099805,
                0.0509512073649218,
                0.040574367160189126,
                0.054474746694587135,
                0.04405882423086339,
                0.061533933992078634,
                0.04498659357722052,
                0.05560411299466838,
                0.051743245861604024,
                0.044005643495229924,
                0.037803170917076544,
                0.04871003766518754,
                0.03949079676717935,
                0.05495361650358981,
                0.052077935723238364
            ],
            "val": [
                0.7836758995598013,
                0.7689726135947488,
                0.884824160147797,
                1.20435128767382,
                1.2509300194003365,
                1.6554169925776394,
                1.3730001706968655,
                1.3031241500919515,
                1.3278264972296627,
                1.3200726123018698,
                1.340620295567946,
                1.4006415686824105,
                1.3950844678011807,
                1.4807476089759306,
                1.4220956848426298,
                1.4671498130668292,
                1.4641985446214676,
                1.4559307430278172,
                1.5078620219772512,
                1.4646772823550485,
                1.4639286344701594,
                1.473676504736597,
                1.4271483394232662,
                1.4458019001917406,
                1.4526962888511745,
                1.519009267064658,
                1.466122037985108,
                1.4253079728646711,
                1.462138824842193,
                1.4494513483210043,
                1.4722840149294247,
                1.4428836791352793,
                1.4771152558651837,
                1.4535070793195204,
                1.4898139888590032,
                1.5016894191503525,
                1.4878244217146526,
                1.4923254773020744,
                1.4530133523724296,
                1.4387296353551475,
                1.4463975998488339,
                1.5231010629372164,
                1.4648726474155078,
                1.465815811671994,
                1.4412436553023078,
                1.456846827810461,
                1.5906122103333473,
                1.5465271134268155,
                1.4868956658650527,
                1.4552640935236758
            ]
        },
        "acc": {
            "train": [
                0.47995545657015587,
                0.5623608017817372,
                0.6842984409799554,
                0.8173719376391981,
                0.8279510022271714,
                0.8318485523385301,
                0.8608017817371937,
                0.9226057906458797,
                0.9515590200445434,
                0.9543429844097995,
                0.9693763919821826,
                0.977728285077951,
                0.9782850779510022,
                0.980512249443207,
                0.9871937639198218,
                0.9849665924276169,
                0.9899777282850779,
                0.9816258351893096,
                0.9755011135857461,
                0.982739420935412,
                0.9838530066815144,
                0.9810690423162584,
                0.9866369710467705,
                0.9860801781737193,
                0.9766146993318485,
                0.9799554565701558,
                0.9844097995545656,
                0.9916481069042316,
                0.9855233853006681,
                0.9782850779510022,
                0.9788418708240534,
                0.9894209354120267,
                0.9732739420935411,
                0.977728285077951,
                0.9810690423162584,
                0.9871937639198218,
                0.9849665924276169,
                0.9855233853006681,
                0.9816258351893096,
                0.9871937639198218,
                0.9816258351893096,
                0.9871937639198218,
                0.9799554565701558,
                0.9816258351893096,
                0.9883073496659243,
                0.987750556792873,
                0.9860801781737193,
                0.9888641425389755,
                0.980512249443207,
                0.9821826280623608
            ],
            "val": [
                0.4943181818181818,
                0.4857954545454546,
                0.4943181818181818,
                0.5113636363636364,
                0.49715909090909094,
                0.4715909090909091,
                0.5170454545454546,
                0.5028409090909091,
                0.48863636363636365,
                0.4857954545454546,
                0.4943181818181818,
                0.4772727272727273,
                0.4715909090909091,
                0.48011363636363635,
                0.4715909090909091,
                0.49715909090909094,
                0.49147727272727276,
                0.4715909090909091,
                0.48295454545454547,
                0.48863636363636365,
                0.48295454545454547,
                0.4744318181818182,
                0.48863636363636365,
                0.48295454545454547,
                0.48295454545454547,
                0.48011363636363635,
                0.48863636363636365,
                0.4857954545454546,
                0.48863636363636365,
                0.48863636363636365,
                0.48295454545454547,
                0.48295454545454547,
                0.4857954545454546,
                0.5,
                0.49715909090909094,
                0.46875,
                0.49147727272727276,
                0.4943181818181818,
                0.48863636363636365,
                0.49147727272727276,
                0.48295454545454547,
                0.4744318181818182,
                0.49147727272727276,
                0.48295454545454547,
                0.48295454545454547,
                0.4943181818181818,
                0.4630681818181818,
                0.48011363636363635,
                0.46875,
                0.48863636363636365
            ]
        }
    }
}