{
    "GC3_Tune_Block": {
        "loss": {
            "train": [
                0.7091354853857333,
                0.702078451823551,
                0.6945382798700397,
                0.693760964812043,
                0.6917436526453574,
                0.6856944695081902,
                0.6791365315229165,
                0.6769294221045445,
                0.6732608648079276,
                0.6703843254023512,
                0.6684667899507722,
                0.6659241426230008,
                0.6638721474560438,
                0.6623816219363818,
                0.6588188587689984,
                0.6613124494828732,
                0.661116541759474,
                0.6585152592584657,
                0.6534371845971768,
                0.6575756106185489,
                0.6588467605129913,
                0.6551671784810871,
                0.6543790813543748,
                0.6541545830484488,
                0.6550961584184642,
                0.6600910600415848,
                0.6584761211760591,
                0.6609626715061129,
                0.6563217521775804,
                0.6536894253473771,
                0.658084529279866,
                0.6536780449754677,
                0.6557600134465105,
                0.6589871441866614,
                0.6577477731258673,
                0.655393982915942,
                0.6576365147507801,
                0.6544114436232433,
                0.6552215480061044,
                0.6522191292990024,
                0.657800393805472,
                0.6579261841646548,
                0.6577232529166547,
                0.6583138076393535,
                0.6545868478798388,
                0.6596347307309276,
                0.6548038305577828,
                0.6571539921856139,
                0.6593941914743199,
                0.657936032869768
            ],
            "val": [
                0.7170556499199434,
                0.6925035972486843,
                0.6934835070913489,
                0.6960409107533369,
                0.6956930336627093,
                0.6950085000558333,
                0.6967103752222928,
                0.6948259269649332,
                0.6976087391376495,
                0.6945639550685883,
                0.6960863701321862,
                0.6951676701957529,
                0.6958553127267144,
                0.6963514116677371,
                0.6969923715699803,
                0.6966973881829869,
                0.6964920447631315,
                0.6963840709491209,
                0.6973465559157458,
                0.6970943158323114,
                0.6964076865803112,
                0.6985282085158608,
                0.6962818259542639,
                0.6961634971878745,
                0.6965194534171711,
                0.6970198289914564,
                0.6972905546426773,
                0.6968358524821021,
                0.6963993378660895,
                0.6972704854878512,
                0.6970143819397147,
                0.6975413303483616,
                0.697005954655734,
                0.6966876983642578,
                0.6970864344726909,
                0.6963176510550759,
                0.6966335448351774,
                0.6974249360236254,
                0.6967248103835366,
                0.6966473731127653,
                0.696231949058446,
                0.697026324543086,
                0.6973492150956934,
                0.6966438374736093,
                0.6971138444813815,
                0.6971627473831177,
                0.6966914195906032,
                0.6966527944261377,
                0.6966767731038007,
                0.6975054497068579
            ]
        },
        "acc": {
            "train": [
                0.48162583518930957,
                0.49554565701559017,
                0.5105790645879732,
                0.5083518930957683,
                0.5451002227171492,
                0.5478841870824053,
                0.5729398663697104,
                0.5606904231625834,
                0.5902004454342984,
                0.604120267260579,
                0.6024498886414253,
                0.6152561247216035,
                0.6146993318485523,
                0.6141425389755011,
                0.6336302895322939,
                0.6230512249443206,
                0.616369710467706,
                0.6185968819599109,
                0.6475501113585745,
                0.6252783964365256,
                0.6219376391982182,
                0.6219376391982182,
                0.6280623608017817,
                0.6486636971046771,
                0.6391982182628062,
                0.6230512249443206,
                0.638641425389755,
                0.6224944320712694,
                0.6375278396436526,
                0.643652561247216,
                0.621380846325167,
                0.6302895322939867,
                0.638641425389755,
                0.621380846325167,
                0.6269487750556793,
                0.6358574610244988,
                0.623608017817372,
                0.6430957683741648,
                0.6314031180400891,
                0.6408685968819599,
                0.6180400890868597,
                0.6124721603563474,
                0.6252783964365256,
                0.621380846325167,
                0.6330734966592427,
                0.6347438752783964,
                0.6224944320712694,
                0.6391982182628062,
                0.6202672605790646,
                0.6208240534521158
            ],
            "val": [
                0.5056818181818182,
                0.5,
                0.5056818181818182,
                0.5,
                0.48863636363636365,
                0.48863636363636365,
                0.5142045454545454,
                0.5227272727272727,
                0.49715909090909094,
                0.5255681818181819,
                0.5198863636363636,
                0.5056818181818182,
                0.5113636363636364,
                0.5142045454545454,
                0.5142045454545454,
                0.5198863636363636,
                0.5397727272727273,
                0.5142045454545454,
                0.5227272727272727,
                0.5255681818181819,
                0.53125,
                0.5198863636363636,
                0.5056818181818182,
                0.53125,
                0.5085227272727273,
                0.5056818181818182,
                0.5198863636363636,
                0.5284090909090909,
                0.5113636363636364,
                0.5227272727272727,
                0.5284090909090909,
                0.5085227272727273,
                0.5198863636363636,
                0.5056818181818182,
                0.5227272727272727,
                0.5142045454545454,
                0.5340909090909091,
                0.5056818181818182,
                0.5198863636363636,
                0.5198863636363636,
                0.5170454545454546,
                0.5255681818181819,
                0.5113636363636364,
                0.5113636363636364,
                0.5198863636363636,
                0.5255681818181819,
                0.5255681818181819,
                0.5170454545454546,
                0.5227272727272727,
                0.5085227272727273
            ]
        }
    }
}