{
    "Tune FC": {
        "loss": {
            "train": [
                0.7836357659114761,
                0.7449357560057948,
                0.7329867390588025,
                0.7432629740848838,
                0.7233538202825261,
                0.7452973435344569,
                0.728373829665322,
                0.6389179995702476,
                0.6291123150717177,
                0.6279144149049619,
                0.640980757026205,
                0.6345880938266593,
                0.6309337759336544,
                0.6324622900555023,
                0.6201764119494466,
                0.6220477125161474,
                0.6272417975958843,
                0.6282894887478155,
                0.6196722174540394,
                0.6214721285155197,
                0.6174888824566966,
                0.6221258501565802,
                0.6207681573047935,
                0.6216228567146777,
                0.6163143966936057,
                0.62057392873318,
                0.6205678413599265,
                0.6116637628699729,
                0.6200480883264861,
                0.6129758476812749,
                0.6281734949230883,
                0.6147992414461744,
                0.6262609721026601,
                0.6249039680230325,
                0.6238798038465674,
                0.6176359706572807,
                0.622095243702487,
                0.6190101577338237,
                0.6219644698507271,
                0.624753596389745,
                0.6205054866710059,
                0.6214562258900937,
                0.6192804526512766,
                0.6113642945321471,
                0.6139780253769295,
                0.6232287310279557,
                0.6267153166715711,
                0.6200523887551441,
                0.6206435890399533,
                0.6241951328608931
            ],
            "val": [
                0.825554297728972,
                0.8094329231164672,
                0.7399253953586925,
                0.7922713275660168,
                0.8152608668262308,
                0.7585960457270796,
                0.7801485684784976,
                0.770754107020118,
                0.7712649648839777,
                0.7725757726214149,
                0.7757105502215299,
                0.7768123055046255,
                0.7669570195403966,
                0.7646811509674246,
                0.7642084942622618,
                0.7663892087611285,
                0.7623199116099965,
                0.7637841904705222,
                0.7684979465874758,
                0.7580699629404328,
                0.7641671767288988,
                0.7588376253843307,
                0.7652083093469794,
                0.7623638476837765,
                0.761168351227587,
                0.7623484432697296,
                0.7587199536236849,
                0.7674365192651749,
                0.7626307660883124,
                0.7672200988639485,
                0.7591795555569909,
                0.7598640160127119,
                0.7650436447425322,
                0.7642066316171126,
                0.7698017968372866,
                0.7635700668800961,
                0.7590851350264116,
                0.761326094919985,
                0.7630515389821746,
                0.762749389491298,
                0.7556544000452216,
                0.7625878331336108,
                0.7635594220323996,
                0.7600609795613722,
                0.7636966685002501,
                0.7719992683692412,
                0.7586512592705813,
                0.7674325433644381,
                0.7622474641962484,
                0.7680073631080714
            ]
        },
        "acc": {
            "train": [
                0.510022271714922,
                0.5311804008908686,
                0.5395322939866369,
                0.5439866369710468,
                0.5679287305122495,
                0.5740534521158129,
                0.5734966592427617,
                0.6302895322939867,
                0.6547884187082406,
                0.6508908685968819,
                0.6302895322939867,
                0.6414253897550111,
                0.6341870824053452,
                0.6297327394209354,
                0.6547884187082406,
                0.6497772828507795,
                0.6447661469933185,
                0.6453229398663697,
                0.6442093541202673,
                0.6492204899777283,
                0.6670378619153674,
                0.6597995545657015,
                0.653674832962138,
                0.6520044543429844,
                0.6597995545657015,
                0.6408685968819599,
                0.6464365256124721,
                0.6620267260579065,
                0.6397550111358574,
                0.6625835189309577,
                0.6564587973273942,
                0.6687082405345212,
                0.6508908685968819,
                0.6570155902004454,
                0.6525612472160356,
                0.6687082405345212,
                0.6525612472160356,
                0.6447661469933185,
                0.6547884187082406,
                0.6497772828507795,
                0.6497772828507795,
                0.6614699331848553,
                0.6631403118040089,
                0.6742761692650334,
                0.6648106904231625,
                0.6503340757238307,
                0.6508908685968819,
                0.655902004454343,
                0.6481069042316258,
                0.6525612472160356
            ],
            "val": [
                0.49715909090909094,
                0.5198863636363636,
                0.4943181818181818,
                0.5227272727272727,
                0.5397727272727273,
                0.5113636363636364,
                0.49147727272727276,
                0.4943181818181818,
                0.5028409090909091,
                0.48863636363636365,
                0.5056818181818182,
                0.5170454545454546,
                0.5,
                0.5170454545454546,
                0.4943181818181818,
                0.49147727272727276,
                0.49715909090909094,
                0.49715909090909094,
                0.5227272727272727,
                0.4943181818181818,
                0.5056818181818182,
                0.5085227272727273,
                0.4857954545454546,
                0.4943181818181818,
                0.5142045454545454,
                0.5056818181818182,
                0.49147727272727276,
                0.48011363636363635,
                0.49715909090909094,
                0.5028409090909091,
                0.5255681818181819,
                0.49715909090909094,
                0.48863636363636365,
                0.5,
                0.4943181818181818,
                0.48863636363636365,
                0.5028409090909091,
                0.49147727272727276,
                0.48295454545454547,
                0.49147727272727276,
                0.4943181818181818,
                0.5,
                0.49147727272727276,
                0.5028409090909091,
                0.4943181818181818,
                0.5056818181818182,
                0.49715909090909094,
                0.5,
                0.4857954545454546,
                0.49715909090909094
            ]
        }
    }
}