{
    "EffNetIntra62": {
        "loss": {
            "train": [
                0.6937991641972163,
                0.6930875623062865,
                0.6950636293790112,
                0.6934415232645322,
                0.6923399918699917,
                0.691566575063418,
                0.6912930093399466,
                0.6898150656321277,
                0.6900440258522557,
                0.6906354035416694,
                0.6895040583937135,
                0.6896458594766381,
                0.6899296429059277,
                0.6899401276078942,
                0.6904556147039753,
                0.6911669202046852,
                0.6900442642708348,
                0.6899059357708448,
                0.6904372744364281,
                0.6904972669196455,
                0.6904586529078549,
                0.6898234429424757,
                0.689962679392671,
                0.6903212266425564,
                0.6901849361315165,
                0.6907313915148173,
                0.6906811668448252,
                0.6902113075125708,
                0.690483422312018,
                0.689042476758565,
                0.6898613947711579,
                0.6906927432099433,
                0.689792223172645,
                0.6911726283700499,
                0.6902789881784622,
                0.6902088465755933,
                0.6890357446997133,
                0.6906151338799359,
                0.6893804955155882,
                0.6900761992964026,
                0.6897632406182486,
                0.6903357816069093,
                0.6901679553397714,
                0.6905744010454988,
                0.6905044104954968,
                0.6916543914847177,
                0.6907398888509567,
                0.6903169253101088,
                0.6915690817245065,
                0.6903949755511872
            ],
            "val": [
                0.6971418539683024,
                0.6901931206385294,
                0.6918385982513428,
                0.6951549212137859,
                0.6901887416839599,
                0.6954153696695964,
                0.6896906852722168,
                0.6910099744796753,
                0.6907459060351054,
                0.6907087167104086,
                0.690905225276947,
                0.6907543977101643,
                0.690850043296814,
                0.6914410988489786,
                0.6912355264027913,
                0.7207337260246277,
                0.6909891645113627,
                0.6908708492914836,
                0.6912068883577983,
                0.6911607106526693,
                0.6911382675170898,
                0.6936189889907837,
                0.6905445575714111,
                0.6919734756151835,
                0.6911567012468974,
                0.6908130367596944,
                0.6924190362294514,
                0.6907610575358073,
                0.6907867987950643,
                0.6910968740781148,
                0.6909056504567465,
                0.6902796785036723,
                0.6910879572232564,
                0.6910479386647542,
                0.6906224330266316,
                0.6912637909253438,
                0.6909499327341716,
                0.6906827529271443,
                0.6910541812578838,
                0.691031281153361,
                0.6905999024709065,
                0.6905290524164835,
                0.6910660902659098,
                0.6909717639287313,
                0.6911104917526245,
                0.69079749584198,
                0.6909053484598796,
                0.691239841779073,
                0.6939264973004658,
                0.6909664471944174
            ]
        },
        "acc": {
            "train": [
                0.5,
                0.4828767123287671,
                0.5034246575342466,
                0.4691780821917808,
                0.5342465753424657,
                0.5308219178082192,
                0.5582191780821918,
                0.571917808219178,
                0.6061643835616438,
                0.5993150684931506,
                0.6164383561643836,
                0.6267123287671232,
                0.6164383561643836,
                0.595890410958904,
                0.613013698630137,
                0.5753424657534246,
                0.5993150684931506,
                0.5924657534246575,
                0.6164383561643836,
                0.6027397260273972,
                0.5787671232876712,
                0.613013698630137,
                0.595890410958904,
                0.5993150684931506,
                0.6232876712328766,
                0.5582191780821918,
                0.5821917808219178,
                0.6061643835616438,
                0.6027397260273972,
                0.6643835616438356,
                0.6027397260273972,
                0.5856164383561644,
                0.6164383561643836,
                0.547945205479452,
                0.5924657534246575,
                0.6164383561643836,
                0.6027397260273972,
                0.5821917808219178,
                0.6335616438356164,
                0.5993150684931506,
                0.6198630136986301,
                0.6027397260273972,
                0.6061643835616438,
                0.6061643835616438,
                0.5993150684931506,
                0.5684931506849314,
                0.571917808219178,
                0.5856164383561644,
                0.5273972602739726,
                0.595890410958904
            ],
            "val": [
                0.45,
                0.5,
                0.5166666666666666,
                0.5666666666666667,
                0.5833333333333334,
                0.4666666666666667,
                0.5333333333333333,
                0.5833333333333334,
                0.5833333333333334,
                0.6166666666666667,
                0.6,
                0.5666666666666667,
                0.5666666666666667,
                0.5833333333333334,
                0.5833333333333334,
                0.5833333333333334,
                0.5833333333333334,
                0.5666666666666667,
                0.55,
                0.6,
                0.6166666666666667,
                0.5833333333333334,
                0.5666666666666667,
                0.5833333333333334,
                0.5833333333333334,
                0.5833333333333334,
                0.5833333333333334,
                0.5666666666666667,
                0.5833333333333334,
                0.6,
                0.6,
                0.6,
                0.5666666666666667,
                0.5666666666666667,
                0.5833333333333334,
                0.55,
                0.5833333333333334,
                0.5833333333333334,
                0.6166666666666667,
                0.5833333333333334,
                0.5833333333333334,
                0.5833333333333334,
                0.5666666666666667,
                0.5666666666666667,
                0.5666666666666667,
                0.6,
                0.6,
                0.5666666666666667,
                0.55,
                0.5666666666666667
            ]
        }
    }
}