{
    "EffNetInter55": {
        "loss": {
            "train": [
                0.7170492806254092,
                0.7014425666401275,
                0.7085536336049205,
                0.706803911512838,
                0.7039506100864877,
                0.7019475306859261,
                0.7017716213164722,
                0.6977413465291726,
                0.6929839990186798,
                0.6941788281523571,
                0.6931254636736914,
                0.6950089254464232,
                0.6934136531931786,
                0.6934236252228242,
                0.6934374509781666,
                0.6907454665360313,
                0.6911501946852839,
                0.6908191435852136,
                0.6902417129025958,
                0.6885623175211102,
                0.6894018857144566,
                0.6864998610088714,
                0.6883634810723812,
                0.6877865054559601,
                0.6881913521507536
            ],
            "val": [
                0.7008352144197985,
                27.438355605710637,
                3.291914393956011,
                1.739022664048455,
                0.7191058085723356,
                8.072240646589886,
                0.770469918847084,
                0.6956734508275986,
                0.6908941431479021,
                0.7370486990971998,
                0.9903870739720084,
                0.6929050900719382,
                0.7012834345752542,
                0.6925166140903126,
                0.6907414929433302,
                0.6987485885620117,
                0.6900441673668948,
                0.690639085390351,
                0.6916958716782656,
                0.6943736279552634,
                0.6859668588096445,
                0.6920410638505762,
                2.327369432557713,
                0.7215569439259443,
                0.8025481849908829
            ]
        },
        "acc": {
            "train": [
                0.5161469933184855,
                0.5033407572383073,
                0.4910913140311804,
                0.49665924276169265,
                0.49498886414253895,
                0.515033407572383,
                0.5072383073496659,
                0.49331848552338525,
                0.510022271714922,
                0.5011135857461024,
                0.5083518930957683,
                0.4916481069042316,
                0.510022271714922,
                0.5066815144766147,
                0.5022271714922049,
                0.5200445434298441,
                0.5317371937639198,
                0.5328507795100222,
                0.5395322939866369,
                0.5406458797327394,
                0.5412026726057906,
                0.5623608017817372,
                0.5423162583518931,
                0.5612472160356348,
                0.5523385300668151
            ],
            "val": [
                0.5028409090909091,
                0.5142045454545454,
                0.5,
                0.49715909090909094,
                0.5,
                0.49147727272727276,
                0.4943181818181818,
                0.5056818181818182,
                0.5056818181818182,
                0.4943181818181818,
                0.49147727272727276,
                0.5,
                0.5198863636363636,
                0.5085227272727273,
                0.5397727272727273,
                0.5170454545454546,
                0.5227272727272727,
                0.5511363636363636,
                0.5369318181818182,
                0.48863636363636365,
                0.53125,
                0.5227272727272727,
                0.5198863636363636,
                0.5085227272727273,
                0.5028409090909091
            ]
        }
    }
}