{
    "ResNetIntra58": {
        "loss": {
            "train": [
                0.7127490435561089,
                0.7640046616123147,
                0.739094613349601,
                0.7177631136489241,
                0.7102387237222227,
                0.7019069349929078,
                0.7005589253281894,
                0.7165304169262925,
                0.6809819716296784,
                0.6950438953425786,
                0.6840040732736457,
                0.6818708181381226,
                0.6857347414918142,
                0.6936564314855288,
                0.6877192634425752,
                0.7022129811652719,
                0.6813430753472733,
                0.6764555206037548,
                0.6777759455654719,
                0.6967296641166896,
                0.6816189068637483,
                0.671907513925474,
                0.6706045808857435,
                0.6793901014001402,
                0.6755715861712417,
                0.6642019152641296,
                0.6745222121068876,
                0.6775488232913083,
                0.6836470683960065,
                0.6696914246637528,
                0.6858098751878086,
                0.6771974008377284,
                0.6798407900823306,
                0.6959537055394421,
                0.6872723968061683,
                0.6845642132301853,
                0.6727251982035702,
                0.6814641830039351,
                0.6788323284828499,
                0.6788678144755429,
                0.6676332958757061,
                0.677807916517127,
                0.7031330009029336,
                0.6734856301791048,
                0.6837637473459113,
                0.6897825378261201,
                0.6838365972858585,
                0.686371332162047,
                0.690597219826424,
                0.6888475107820067
            ],
            "val": [
                0.6932948033014933,
                0.7572805722554524,
                0.6928259849548339,
                0.6938473661740621,
                0.690641705195109,
                0.6911468585332234,
                0.6888795852661133,
                0.6896482229232788,
                0.6903629541397095,
                0.6905421336491903,
                0.6910502036412557,
                0.691863226890564,
                0.6911421696345011,
                0.6912233670552571,
                0.6911664883295695,
                0.6908453782399495,
                0.6911685387293498,
                0.6913272579511006,
                0.6909134705861409,
                0.6909739812215169,
                0.6908044417699178,
                0.6910445769627889,
                0.6906739870707194,
                0.6908157587051391,
                0.6907659769058228,
                0.6908547163009644,
                0.6908120234807332,
                0.6906480550765991,
                0.6907905022303263,
                0.6907179156939188,
                0.6906014442443847,
                0.6907331148783366,
                0.6907145818074544,
                0.691030756632487,
                0.6908299326896667,
                0.6908113797505696,
                0.6906714121500651,
                0.6906347513198853,
                0.6909323692321777,
                0.6908699671427408,
                0.6907158931096394,
                0.6908983707427978,
                0.69073859055837,
                0.6906965136528015,
                0.6906076987584432,
                0.6905934890111287,
                0.6906829754511515,
                0.6910761992136637,
                0.6909727772076925,
                0.6909752368927002
            ]
        },
        "acc": {
            "train": [
                0.5308219178082192,
                0.48630136986301364,
                0.5308219178082192,
                0.4931506849315068,
                0.523972602739726,
                0.5684931506849314,
                0.5376712328767123,
                0.5034246575342466,
                0.5616438356164384,
                0.523972602739726,
                0.5753424657534246,
                0.5616438356164384,
                0.5136986301369862,
                0.5273972602739726,
                0.5308219178082192,
                0.5102739726027397,
                0.5821917808219178,
                0.5787671232876712,
                0.5753424657534246,
                0.5205479452054794,
                0.5547945205479452,
                0.5890410958904109,
                0.5582191780821918,
                0.5924657534246575,
                0.5787671232876712,
                0.595890410958904,
                0.5993150684931506,
                0.5650684931506849,
                0.5616438356164384,
                0.5753424657534246,
                0.5068493150684932,
                0.5924657534246575,
                0.5513698630136986,
                0.5308219178082192,
                0.547945205479452,
                0.5376712328767123,
                0.5856164383561644,
                0.5753424657534246,
                0.5890410958904109,
                0.5582191780821918,
                0.613013698630137,
                0.5821917808219178,
                0.523972602739726,
                0.595890410958904,
                0.5547945205479452,
                0.5753424657534246,
                0.547945205479452,
                0.5513698630136986,
                0.5308219178082192,
                0.5
            ],
            "val": [
                0.5333333333333333,
                0.4666666666666667,
                0.5333333333333333,
                0.5,
                0.5333333333333333,
                0.5166666666666666,
                0.55,
                0.5166666666666666,
                0.5,
                0.5,
                0.55,
                0.5166666666666666,
                0.55,
                0.55,
                0.55,
                0.55,
                0.55,
                0.55,
                0.5666666666666667,
                0.55,
                0.55,
                0.55,
                0.55,
                0.5666666666666667,
                0.5666666666666667,
                0.55,
                0.5333333333333333,
                0.55,
                0.55,
                0.5666666666666667,
                0.5333333333333333,
                0.5666666666666667,
                0.55,
                0.55,
                0.5833333333333334,
                0.55,
                0.5666666666666667,
                0.5333333333333333,
                0.55,
                0.55,
                0.5666666666666667,
                0.55,
                0.5666666666666667,
                0.5333333333333333,
                0.5333333333333333,
                0.5666666666666667,
                0.55,
                0.5833333333333334,
                0.55,
                0.55
            ]
        }
    }
}