{
    "ResNetInter55": {
        "loss": {
            "train": [
                0.9508071970567937,
                0.9420425686114084,
                0.9387014575949756,
                0.9302006409003634,
                0.9048100014306389,
                0.9376163975167646,
                0.9306725278198055,
                0.8255802266847317,
                0.7691281094715696,
                0.7589528173009112,
                0.7424819100407556,
                0.7404982363991854,
                0.71955738606591,
                0.7262346237433249,
                0.7073335317036091,
                0.7030240718134262,
                0.7107174790781696,
                0.7154225782721505,
                0.6953237976688054,
                0.6999734743666277,
                0.6977319352345371,
                0.707275929854548,
                0.7070257589386938,
                0.6894347203069912,
                0.6986873232176681
            ],
            "val": [
                0.7252136225050146,
                0.7239597819068215,
                0.8551742658019066,
                0.7762102254412391,
                0.7570951587774537,
                0.8521619080142542,
                0.7852431562813845,
                0.7111129991032861,
                0.7137745659459721,
                0.7376605570316315,
                0.723419347947294,
                0.7071051570502195,
                0.7076708268035542,
                0.7226491909135472,
                0.7029183628884229,
                0.7025661888447675,
                0.704337022521279,
                0.7030388861894608,
                0.7008711655031551,
                0.7021475732326508,
                0.703000774437731,
                0.704393591393124,
                0.7030404846776616,
                0.7015107395974073,
                0.7026548792015422
            ]
        },
        "acc": {
            "train": [
                0.4665924276169265,
                0.4988864142538975,
                0.5061247216035635,
                0.5133630289532294,
                0.5206013363028953,
                0.49944320712694873,
                0.517260579064588,
                0.5167037861915367,
                0.5428730512249443,
                0.5317371937639198,
                0.5473273942093541,
                0.544543429844098,
                0.5562360801781737,
                0.5412026726057906,
                0.544543429844098,
                0.5501113585746102,
                0.544543429844098,
                0.5328507795100222,
                0.5506681514476615,
                0.544543429844098,
                0.5562360801781737,
                0.5462138084632516,
                0.5545657015590201,
                0.5662583518930957,
                0.5573496659242761
            ],
            "val": [
                0.5056818181818182,
                0.5284090909090909,
                0.4857954545454546,
                0.5028409090909091,
                0.4857954545454546,
                0.5113636363636364,
                0.53125,
                0.5482954545454546,
                0.5511363636363636,
                0.5170454545454546,
                0.5369318181818182,
                0.5198863636363636,
                0.5028409090909091,
                0.5142045454545454,
                0.5056818181818182,
                0.4943181818181818,
                0.5085227272727273,
                0.5,
                0.5056818181818182,
                0.49147727272727276,
                0.4857954545454546,
                0.49147727272727276,
                0.4857954545454546,
                0.5,
                0.5
            ]
        }
    }
}