{
    "RGB_Tune_Full": {
        "loss": {
            "train": [
                0.7975137491268676,
                0.7394722705429009,
                0.5593586260067063,
                0.4334651165224927,
                0.3720922078232059,
                0.40120935901368915,
                0.32517157314150263,
                0.23585829256778637,
                0.11807519510151913,
                0.10463820304954943,
                0.08735167698930525,
                0.06249148642435828,
                0.05428836858994172,
                0.05670489716335285,
                0.05297040601233995,
                0.04267533500378076,
                0.040863762488059764,
                0.05512866481178272,
                0.06648857927521305,
                0.048681566675420736,
                0.04603026357436872,
                0.05677106545927969,
                0.04885447608743367,
                0.04839353179618745,
                0.058952636038197434,
                0.053284898517240574,
                0.04199479403555547,
                0.038963949785257725,
                0.0436123414733862,
                0.056379820971492,
                0.05173541562082578,
                0.04493574975984055,
                0.06424721273130017,
                0.05616753323668436,
                0.04790263284785457,
                0.04048661867435088,
                0.04757096179237772,
                0.04980947311829158,
                0.053450523704012445,
                0.03630192028145972,
                0.06039585294562365,
                0.05024165886336054,
                0.05338036124059103,
                0.057380541305022445,
                0.040633953199125536,
                0.03209908490931566,
                0.04844916661807703,
                0.04025852802442387,
                0.05081687098703988,
                0.052259268857256604
            ],
            "val": [
                0.7569065283645283,
                0.8365654572844505,
                1.0513355738737367,
                1.2804581780325284,
                1.3027310066602447,
                1.5955300412394784,
                3.3278815810653297,
                1.4906795966354283,
                1.431531440805305,
                1.4381699311462315,
                1.4499726031314244,
                1.4608917375179855,
                1.5028755217790604,
                1.551936755126173,
                1.5219744897701524,
                1.5345959785309704,
                1.5500976179133763,
                1.6552004529671236,
                1.5568416823040356,
                1.5166291255842557,
                1.545281363481825,
                1.5629070834680037,
                1.5353019630367106,
                1.5237977856939489,
                1.5230375027114695,
                1.5690706385807558,
                1.5440411215478724,
                1.551541898738254,
                1.5261854495514522,
                1.5027359358289025,
                1.5519786030054092,
                1.566145434975624,
                1.5941774675791913,
                1.5210557336157018,
                1.5471455210989171,
                1.572512109848586,
                1.559966260736639,
                1.5391965020786633,
                1.5420004881241105,
                1.5269962616942145,
                1.545061131092635,
                1.576400489969687,
                1.5593907927924937,
                1.5344644676555286,
                1.5076181651516394,
                1.5290138667280024,
                1.5550567202947356,
                1.6492009853774852,
                1.5185000476512043,
                1.5821750204671512
            ]
        },
        "acc": {
            "train": [
                0.4760579064587973,
                0.5662583518930957,
                0.7299554565701559,
                0.8028953229398663,
                0.8413140311804008,
                0.8429844097995546,
                0.8775055679287305,
                0.905902004454343,
                0.9548997772828507,
                0.9593541202672605,
                0.9665924276169264,
                0.9760579064587973,
                0.980512249443207,
                0.9788418708240534,
                0.977728285077951,
                0.9883073496659243,
                0.9899777282850779,
                0.9799554565701558,
                0.9760579064587973,
                0.9832962138084632,
                0.9832962138084632,
                0.980512249443207,
                0.980512249443207,
                0.9821826280623608,
                0.980512249443207,
                0.9816258351893096,
                0.9860801781737193,
                0.9888641425389755,
                0.9832962138084632,
                0.9755011135857461,
                0.9844097995545656,
                0.9866369710467705,
                0.977728285077951,
                0.9810690423162584,
                0.9838530066815144,
                0.9883073496659243,
                0.9838530066815144,
                0.980512249443207,
                0.9816258351893096,
                0.987750556792873,
                0.9760579064587973,
                0.9866369710467705,
                0.9816258351893096,
                0.9793986636971046,
                0.9910913140311803,
                0.9899777282850779,
                0.9816258351893096,
                0.9860801781737193,
                0.980512249443207,
                0.9838530066815144
            ],
            "val": [
                0.4772727272727273,
                0.46022727272727276,
                0.4630681818181818,
                0.4857954545454546,
                0.48011363636363635,
                0.49147727272727276,
                0.4943181818181818,
                0.46590909090909094,
                0.4545454545454546,
                0.4772727272727273,
                0.4715909090909091,
                0.46022727272727276,
                0.45738636363636365,
                0.4460227272727273,
                0.4460227272727273,
                0.45738636363636365,
                0.45170454545454547,
                0.4772727272727273,
                0.4460227272727273,
                0.4460227272727273,
                0.4403409090909091,
                0.45170454545454547,
                0.42897727272727276,
                0.46590909090909094,
                0.44886363636363635,
                0.4403409090909091,
                0.45738636363636365,
                0.4545454545454546,
                0.44886363636363635,
                0.44886363636363635,
                0.4630681818181818,
                0.45170454545454547,
                0.48295454545454547,
                0.45170454545454547,
                0.4545454545454546,
                0.42897727272727276,
                0.4630681818181818,
                0.45738636363636365,
                0.4460227272727273,
                0.44886363636363635,
                0.4403409090909091,
                0.4375,
                0.44886363636363635,
                0.45170454545454547,
                0.4715909090909091,
                0.44886363636363635,
                0.4318181818181818,
                0.48863636363636365,
                0.45738636363636365,
                0.46590909090909094
            ]
        }
    }
}