{
    "RGB_Tune_Block": {
        "loss": {
            "train": [
                0.7100012836052739,
                0.695513360351656,
                0.6953543623730972,
                0.690567362414702,
                0.6866562527112812,
                0.6843767549784519,
                0.6714470123660591,
                0.6540649443001949,
                0.6503927147468108,
                0.6415000819416513,
                0.6332955463957415,
                0.6380823347510102,
                0.6315478580300686,
                0.6288197031265378,
                0.6221568569839665,
                0.6195089639162433,
                0.6179589834935415,
                0.6231764601439835,
                0.6201968965657835,
                0.6275658899532395,
                0.6255906497715311,
                0.6189649090469548,
                0.6204575045337125,
                0.6122784149938808,
                0.6239829103904206,
                0.6173139904814468,
                0.6197946224286986,
                0.6110314381680139,
                0.6188460105246053,
                0.6154640492192887,
                0.6163611627102961,
                0.6145263992598434,
                0.6232166493390344,
                0.6166643946367276,
                0.6090087672915384,
                0.6156284193153636,
                0.6207215305426073,
                0.6177519891734644,
                0.6085707709890166,
                0.6085457852263758,
                0.6147437703636016,
                0.6202748378029379,
                0.617995201081104,
                0.6169519655423069,
                0.6086023139263315,
                0.6158864026876759,
                0.6177177828776014,
                0.6180243471550251,
                0.6197702439962357,
                0.6198186115060988
            ],
            "val": [
                0.7002478810873899,
                0.710714116692543,
                0.6947945789857344,
                0.6954049400307916,
                0.6994924464009025,
                0.6958919871937145,
                0.6980684955011714,
                0.7000981650569222,
                0.7035096883773804,
                0.7040383951230482,
                0.706068217754364,
                0.7082477794452147,
                0.7136630768125708,
                0.7332148321650245,
                0.7126353803006086,
                0.713085184043104,
                0.7127398387952284,
                0.7140276499769904,
                0.7130075693130493,
                0.7150463536381721,
                0.7132374698465521,
                0.7140312384475361,
                0.7137953652576967,
                0.7144312939860604,
                0.7131478542631323,
                0.7154586139050397,
                0.7146028510548852,
                0.7152674076232043,
                0.7155908291990106,
                0.7135857113383033,
                0.7169993343678388,
                0.7150684107433666,
                0.7153325825929642,
                0.7142607352950356,
                0.7171372933821245,
                0.7151489542289213,
                0.7138265547427264,
                0.7150971374728463,
                0.7136259363456205,
                0.7157871696082029,
                0.7135305634953759,
                0.7139465416019614,
                0.7161634754050862,
                0.7141949304125526,
                0.7137833346020092,
                0.7176307941024954,
                0.7142148397185586,
                0.7139673178846185,
                0.7150765427134254,
                0.7152830511331558
            ]
        },
        "acc": {
            "train": [
                0.5183741648106904,
                0.5211581291759465,
                0.5155902004454342,
                0.5378619153674833,
                0.5545657015590201,
                0.5451002227171492,
                0.5913140311804008,
                0.6180400890868597,
                0.6308463251670379,
                0.6553452115812918,
                0.6547884187082406,
                0.6347438752783964,
                0.6681514476614699,
                0.6592427616926503,
                0.6575723830734966,
                0.6759465478841871,
                0.6770601336302895,
                0.6714922048997772,
                0.6804008908685969,
                0.6514476614699332,
                0.6648106904231625,
                0.6954342984409799,
                0.6776169265033407,
                0.6976614699331848,
                0.6581291759465479,
                0.6759465478841871,
                0.6809576837416481,
                0.6909799554565701,
                0.6765033407572383,
                0.6804008908685969,
                0.6720489977728284,
                0.688195991091314,
                0.6703786191536748,
                0.6792873051224944,
                0.7048997772828508,
                0.6837416481069042,
                0.6714922048997772,
                0.683184855233853,
                0.6993318485523385,
                0.7015590200445434,
                0.6865256124721604,
                0.6798440979955457,
                0.6737193763919822,
                0.6781737193763919,
                0.6987750556792873,
                0.6826280623608018,
                0.683184855233853,
                0.6703786191536748,
                0.6703786191536748,
                0.6798440979955457
            ],
            "val": [
                0.4943181818181818,
                0.5056818181818182,
                0.4943181818181818,
                0.5,
                0.4943181818181818,
                0.4943181818181818,
                0.5056818181818182,
                0.5255681818181819,
                0.5028409090909091,
                0.5227272727272727,
                0.53125,
                0.4744318181818182,
                0.5170454545454546,
                0.5085227272727273,
                0.5369318181818182,
                0.5426136363636364,
                0.5340909090909091,
                0.5284090909090909,
                0.5142045454545454,
                0.5170454545454546,
                0.48863636363636365,
                0.5284090909090909,
                0.5142045454545454,
                0.5113636363636364,
                0.49715909090909094,
                0.5340909090909091,
                0.5284090909090909,
                0.5284090909090909,
                0.5142045454545454,
                0.5255681818181819,
                0.53125,
                0.5142045454545454,
                0.5170454545454546,
                0.49147727272727276,
                0.5255681818181819,
                0.5255681818181819,
                0.49715909090909094,
                0.5340909090909091,
                0.5113636363636364,
                0.5170454545454546,
                0.5255681818181819,
                0.5340909090909091,
                0.5369318181818182,
                0.5170454545454546,
                0.5113636363636364,
                0.5284090909090909,
                0.5113636363636364,
                0.5227272727272727,
                0.5284090909090909,
                0.5255681818181819
            ]
        }
    }
}